SEGID,Stop_ID
1,0
2,0
3,30509
3,20432
4,20849
4,20849
5,0
6,31149
6,20264
6,2109
6,20212
7,20210
8,0
9,20266
10,0
11,25020
11,24985
11,25021
11,2113
11,24983
11,24984
11,2122
11,25022
12,31536
12,31873
13,29907
13,31873
13,29908
14,0
15,29909
15,31528
15,29906
15,31535
16,24994
16,25009
16,24995
16,30786
16,2112
16,25010
17,24992
17,24993
17,24991
17,25014
17,25013
17,31529
18,24990
18,31530
18,29905
18,29928
18,29910
18,25016
19,24986
19,24987
19,25023
19,25017
19,24989
19,25019
19,24988
19,25018
20,25024
20,24976
20,31149
20,2113
20,2109
20,24978
20,25027
21,30381
21,26292
21,31910
21,26289
21,20269
21,26470
21,26469
21,26291
21,26472
21,31919
22,31918
22,26296
22,15267
22,26294
22,31149
22,31050
22,31912
22,31911
22,2109
22,31051
22,31917
23,30381
23,20209
23,20269
23,20267
23,20207
24,25185
25,2113
26,2192
26,2113
27,2192
28,25185
28,25183
28,25331
29,25185
29,25183
29,32310
29,31680
29,31474
29,31474
29,25331
30,25183
30,25331
31,25333
32,25333
33,32290
33,31573
33,20280
33,30357
33,20402
33,20196
33,29904
34,30381
34,20269
35,20204
35,20271
35,31534
35,29927
35,29923
35,20272
35,20205
35,20274
35,31531
35,20202
36,20199
36,31152
36,30357
36,31674
36,20275
36,20277
36,32289
36,20201
36,31151
36,32288
36,32287
37,30383
38,24964
39,24871
40,24871
40,24964
41,14785
41,24871
41,14785
41,30383
42,0
43,20417
43,20417
44,24963
44,24964
44,30382
44,24874
44,24873
45,24961
45,24961
46,2215
46,2215
46,30328
46,30328
47,30328
47,25320
47,30328
47,25320
48,31889
48,30593
48,29929
48,30593
48,31889
48,29929
49,25135
49,25135
50,30359
50,30359
50,30359
50,30359
50,19959
50,19959
50,19959
51,25344
51,25345
51,25167
51,25166
51,25347
51,30355
52,25181
52,25180
52,25333
52,25334
53,25173
53,31886
53,25338
53,25177
53,25335
53,25336
53,25179
53,31887
53,32305
54,29951
54,31884
54,31885
54,25341
54,25171
54,25168
54,25342
54,25340
54,31882
54,31883
55,25348
55,25347
55,26497
55,30355
56,30328
56,30328
57,25199
57,25185
57,25327
57,31888
57,2121
57,25325
57,30863
57,25324
58,0
59,29938
59,31011
59,30356
60,25323
60,25246
61,25347
61,30355
62,30393
62,25616
62,30393
62,25616
62,30393
63,31877
63,25354
63,25133
63,31538
63,25134
63,25352
63,31878
64,20296
64,31879
64,20186
65,20296
65,20188
65,31879
65,31532
65,20186
66,25309
67,31010
68,0
69,25249
69,25317
70,0
71,0
72,19955
72,19960
72,19957
72,19963
72,19954
72,19962
73,19964
73,31870
74,25316
74,25260
75,31814
75,31814
76,0
77,0
78,0
79,19966
79,19952
79,31868
80,19966
80,31869
81,0
82,0
83,25312
83,25314
83,25253
83,25251
84,0
85,29937
85,25257
85,25311
85,25256
85,25310
85,25254
85,25255
86,31749
86,20296
86,31735
86,31734
86,25129
86,20185
86,29925
86,20186
86,20184
87,31733
87,31736
88,29950
88,20296
88,31880
88,25129
88,29949
88,29939
88,20186
88,25127
88,25357
88,25125
89,25365
89,25116
90,25361
90,25364
90,31876
90,29948
90,25119
90,25362
90,25118
90,25363
91,29940
91,25120
91,31537
91,25122
91,25360
91,25359
91,25123
91,25358
92,25115
93,25115
94,2149
94,29932
94,29935
94,29934
94,29931
94,2157
95,2149
95,29930
95,25306
95,25307
95,25259
96,25308
96,25258
97,25269
97,29934
98,0
99,0
100,31737
100,31732
101,31731
101,31738
102,0
103,0
104,0
105,25266
105,25266
105,25263
105,25263
106,25262
106,25261
106,29934
106,25262
106,25267
106,25267
106,25261
107,2150
107,2150
108,2049
108,19971
108,19951
108,19970
108,19949
108,19968
108,19947
108,19967
108,2038
108,19969
109,0
110,19976
110,19941
111,19974
111,19973
111,19943
111,19944
111,19945
111,31867
112,31738
113,2108
113,2097
114,31738
115,2097
116,0
117,19977
118,20312
118,20167
118,20311
118,20169
118,20168
118,20313
119,20163
119,20166
119,20314
119,20316
119,20317
119,20315
119,20165
120,0
121,0
122,0
123,0
124,17105
124,633
125,1160
125,1160
125,17103
126,19550
127,19549
128,0
129,0
130,0
131,617
131,617
132,32260
133,0
134,19675
134,19551
135,0
136,618
137,0
138,0
139,20318
139,20161
139,20317
139,20162
140,20318
140,20161
140,20317
140,20162
141,32115
141,32114
142,32120
142,32119
143,0
144,19752
144,19864
144,19752
144,19864
145,19740
145,19742
145,19743
145,19742
145,19741
145,19743
145,19741
145,19740
146,2125
146,19747
146,2125
146,19747
146,19746
146,19746
147,19752
147,19750
147,19752
147,19750
147,19748
147,19748
148,19759
148,19758
148,19736
148,19737
148,19738
148,19736
148,19760
148,19759
148,19738
148,30343
148,19761
148,19760
148,19737
148,19758
148,30343
149,19757
149,19739
149,19739
149,19757
150,19736
150,19736
150,19761
151,19736
151,19736
151,19761
152,0
153,0
154,0
155,0
156,19764
156,19763
157,19762
158,19860
158,19859
159,19861
160,20160
160,20323
160,20159
160,20158
160,31533
160,20157
160,20321
160,20322
161,20333
161,32285
161,20332
161,2107
161,20149
162,20328
162,20150
162,20152
162,20331
163,20154
163,20325
163,20324
163,20156
163,20326
163,20170
164,2098
164,2107
165,2098
165,2107
166,0
167,990
168,15054
169,19670
169,19671
170,30159
171,0
172,19555
173,19554
173,15053
174,25366
174,25115
174,25368
174,25114
174,2116
174,25367
174,2119
174,25113
175,29947
175,25412
175,25077
175,25414
175,25413
175,29946
176,25067
176,25422
176,25066
176,29944
176,25420
176,25068
176,25423
177,29945
177,25417
177,25418
177,25073
177,25071
177,25419
178,25074
178,25417
178,25076
178,25414
178,25073
178,25415
178,25416
179,32304
179,25434
179,25061
179,25435
179,25433
179,25432
179,25060
180,25425
180,25062
180,25431
180,25063
181,2117
181,2118
181,29943
181,25065
181,25424
182,25448
182,25052
182,25446
182,25445
182,19883
182,25050
183,25054
183,25053
183,25443
183,19729
183,25055
183,25442
184,29942
184,25056
184,25439
184,25441
184,25057
185,19882
185,19880
185,19732
185,19734
186,19735
186,29962
186,29968
186,19879
187,25513
187,25516
188,29956
188,29956
189,19852
189,19770
189,19853
189,19769
189,30341
189,19851
190,2126
190,2142
191,19768
191,19857
191,2127
191,29958
191,2141
191,19855
191,30342
192,1962
192,1962
192,25049
192,25049
192,1963
192,25449
192,25449
192,1963
193,20371
193,20371
193,25461
193,20370
193,25461
193,20370
194,29957
194,29966
194,30364
194,30364
194,29957
194,29956
194,29966
194,29956
195,29956
195,29956
196,30363
196,30363
197,0
198,0
199,19979
199,19981
199,19938
199,19939
199,19937
199,19980
200,14837
200,14840
201,29794
201,19931
201,19932
201,19933
201,19986
201,31848
202,19934
202,19985
202,19983
202,19935
202,19978
202,19984
203,19936
203,29789
203,29793
203,19982
204,30415
205,19988
205,19930
205,30415
206,0
207,25302
207,25272
208,25280
208,25294
208,25295
208,25281
209,29933
210,25298
210,25299
210,31006
210,31005
211,25300
212,25301
212,32306
213,25283
213,25291
214,0
215,30413
215,30413
216,19992
216,30415
217,0
218,0
219,0
220,25284
221,0
222,25290
223,19177
223,19210
223,19178
224,19210
224,19924
224,19927
224,30415
224,30414
225,2047
225,2047
226,0
227,19777
227,19776
227,19776
227,19778
227,19777
227,19844
227,19846
227,19775
227,19778
227,20367
227,20367
227,19775
227,19845
227,19845
227,19846
227,19844
228,29963
228,20368
228,25464
228,20369
228,25464
228,25466
228,29941
228,25466
228,20369
228,29963
228,20368
228,29941
229,20356
229,20123
229,20124
229,20126
229,20354
229,20357
230,30559
231,30385
231,9933
231,20335
231,9934
231,9948
232,9941
232,20340
232,9948
232,20140
232,31402
232,20339
233,20341
233,20343
233,20137
233,20138
233,20139
233,20344
233,20136
234,2106
234,20133
234,30358
234,20135
234,20134
234,20136
234,30787
234,20345
234,20347
235,20348
235,20349
235,20127
235,20351
235,20132
235,20131
235,20129
235,20352
236,0
237,20358
238,19778
238,19844
238,20358
238,19778
238,19844
239,0
240,19778
240,19844
240,19778
240,19844
241,15069
241,15069
242,0
243,0
244,15152
244,10610
245,31874
245,31874
245,31874
245,31874
245,31874
246,30597
246,31874
246,31874
246,31874
246,31874
246,30597
246,30597
246,30597
246,31874
246,30597
246,30597
247,0
248,15069
248,15069
249,10610
250,0
251,10610
252,15068
252,29918
253,15068
253,29918
254,31874
254,31874
254,31874
254,31874
254,31211
254,31874
254,31211
255,31211
255,31211
256,19999
256,19914
256,19915
256,19998
256,19913
256,19997
257,19210
257,31863
257,19212
257,31864
257,19211
258,14842
258,31863
258,19174
258,14835
258,19213
259,31501
259,19919
260,19917
260,19918
260,19994
260,19916
260,19996
260,19995
261,29803
261,15065
261,29919
261,15067
262,19136
263,19247
264,29921
264,29921
265,0
266,0
267,2181
267,2181
267,29974
268,20010
268,20012
268,19902
268,14832
268,19903
268,20011
268,19901
268,2044
268,2044
269,19137
269,19246
270,2042
270,20001
270,19912
270,2045
270,19911
270,20000
271,14844
271,20003
271,14833
271,19910
271,20002
272,19907
272,20004
272,19905
272,19908
272,20007
272,20005
273,20008
273,20022
273,20009
273,19904
274,19835
274,19835
274,19834
274,19789
274,19834
274,19789
274,19787
274,19787
274,2044
274,19788
274,2044
274,19788
275,19780
275,19842
275,19842
275,19780
275,31211
275,31211
276,19784
276,19836
276,19837
276,19786
276,19839
276,19787
276,19837
276,19784
276,19836
276,19785
276,19787
276,19785
276,19786
276,19839
277,2105
277,19782
277,19783
277,30517
277,19840
277,19782
277,19783
277,30517
277,19840
277,2100
277,2105
277,2100
278,0
279,14845
279,2043
279,19900
279,20013
279,19899
279,2043
279,2044
279,2044
280,5150
280,15202
280,2635
280,15196
281,2043
281,19832
281,19833
281,19791
281,19791
281,2043
281,19790
281,19833
281,2044
281,2044
281,19790
282,19897
282,20360
282,20090
282,20089
282,19832
282,20359
283,19897
283,20360
283,19898
283,19899
284,19897
284,20360
284,20088
284,20016
284,20087
285,20015
285,19899
285,20014
286,20361
286,20016
286,20087
287,19896
287,19897
287,20360
287,19895
287,20088
288,20019
288,20017
288,20016
288,20087
289,15193
289,5281
289,5195
289,15188
289,15191
289,15192
289,5135
289,14996
289,5233
289,15190
289,5318
289,15189
290,5166
290,15195
290,15194
290,5152
290,15196
291,15188
291,145
291,5318
292,14883
292,14883
292,16291
293,15186
293,15941
293,15188
293,5318
293,15187
293,5229
294,14886
294,14884
294,14885
294,14887
294,14883
294,14883
295,130
295,15186
295,15941
296,14882
296,6113
296,16290
296,16291
297,6111
297,14909
297,6113
297,16290
297,6112
298,14882
298,16291
299,14880
299,18095
299,14881
299,18095
300,24121
300,14883
300,14883
300,6114
301,6113
301,24121
301,16290
301,6114
302,15185
302,15186
302,15941
302,6115
303,6059
303,6058
303,14908
303,6115
303,6057
304,24121
304,6114
305,6113
305,16290
306,30080
306,10331
307,24121
307,6114
308,31178
308,18457
309,20414
309,6115
310,0
311,0
312,0
313,10255
313,17833
313,30081
313,10259
313,30082
313,10263
313,10340
313,10262
314,0
315,32484
315,32484
316,0
317,0
318,10266
319,638
319,638
320,0
321,20968
322,515
323,0
324,18451
324,10275
324,10266
324,10272
325,18448
326,17842
326,17842
327,6064
327,6066
327,10283
327,10282
327,6065
327,10283
328,6060
328,6115
329,14907
329,6062
329,6061
329,14906
330,20644
330,10283
330,10281
330,10282
330,18448
330,10283
330,18447
330,10279
331,15186
331,15941
331,14079
331,14080
331,14084
331,14081
332,19542
332,32462
333,131
333,14089
333,14086
333,14088
333,14085
334,0
335,10285
335,10283
335,10282
335,21536
335,10285
335,10283
336,8938
336,8936
336,8939
337,2821
337,18448
338,30576
338,30576
339,3057
339,14934
339,3024
340,17170
341,5131
342,0
343,31088
343,31371
344,0
345,0
346,30015
347,0
348,0
349,0
350,18739
350,14998
350,14998
350,18734
350,18741
350,18733
350,18740
351,18738
351,18737
352,30497
353,30497
354,10283
354,10282
354,31208
354,1167
354,31207
354,10283
355,0
356,0
357,0
358,0
359,0
360,19102
360,19892
360,19277
360,19103
360,29751
360,19194
360,19276
361,20020
361,19894
361,19893
362,22131
362,22104
362,22187
362,19104
362,26123
362,19194
362,19274
362,19275
363,0
364,0
365,0
366,0
367,18730
367,18730
367,18729
367,18728
367,18729
367,30146
368,1990
368,14998
368,14998
368,1990
369,14998
369,14998
369,18728
369,18742
370,31074
370,29830
370,31083
370,31084
371,29826
371,31088
371,31087
371,29953
372,29829
372,2092
372,31086
372,31097
373,29832
373,31089
373,31085
373,29831
374,30515
374,29816
374,19612
374,19615
374,19611
374,19614
374,19610
374,19613
375,20086
375,20085
375,20361
375,20364
375,20016
375,20362
375,20087
376,31676
376,30352
376,20083
376,20365
376,20366
376,19719
376,20082
377,19721
377,31675
377,19717
377,19722
377,19720
377,29901
377,30351
378,19714
378,19724
378,1146
378,19723
378,30516
379,915
379,14933
379,4459
379,915
380,17860
380,16850
381,16847
381,16846
381,16850
381,17855
381,16849
382,16288
382,16289
382,728
382,18442
383,18437
383,31688
383,18438
383,17860
384,1220
384,18441
384,24339
384,32214
385,0
386,29751
387,0
388,0
389,0
390,0
391,29751
392,0
393,0
394,0
395,0
396,0
397,0
398,0
399,1148
399,1148
399,1148
399,1148
399,1148
399,1148
399,1148
399,1148
399,1148
399,1148
399,1148
399,1148
399,1148
400,15497
400,15497
400,15497
400,15497
400,15497
400,15497
400,15497
400,15497
400,15497
400,15497
400,15497
401,0
402,0
403,15497
403,15497
403,15497
403,15497
403,15497
403,15497
403,15497
403,15497
403,15497
403,15497
403,15497
404,2093
404,2093
405,19191
405,19196
405,19197
405,19190
406,0
407,21529
407,21529
408,1537
408,1537
409,0
410,2024
410,2024
410,2024
410,2024
410,2024
410,2024
410,2024
410,2024
411,0
412,0
413,19193
414,0
415,0
416,18927
416,29975
416,18926
417,0
418,30336
418,31186
419,31156
419,31155
420,0
421,31562
421,31930
422,0
423,18917
423,18936
424,31560
424,18918
424,18935
425,31561
425,18933
426,0
427,0
428,0
429,0
430,0
431,18746
431,29717
431,18747
432,14998
432,14998
433,18745
433,18743
433,18744
434,0
435,0
436,0
437,0
438,0
439,0
440,0
441,0
442,19831
442,19830
442,19793
442,19832
442,30344
443,2137
443,19826
443,19798
443,2132
443,19799
444,19828
444,19796
444,19827
444,19795
444,19794
444,19829
445,2202
445,2202
445,19805
445,19820
445,19806
445,2202
445,2519
445,19804
445,19819
445,2202
446,29795
446,19803
446,19821
446,19823
446,19801
446,19802
447,19800
447,19825
447,19824
448,2202
448,2202
448,19806
448,2202
448,2202
449,18830
449,18829
449,18830
449,18830
449,18830
449,18829
449,18829
449,18829
449,18830
449,18829
450,18819
450,2202
450,2202
450,18819
450,18818
450,19806
450,2202
450,18818
450,18818
450,18818
450,18819
450,18819
450,18818
450,18819
450,2202
451,18821
451,18821
451,18820
451,18820
451,18821
451,18820
451,18820
451,18821
451,18820
451,18821
452,18822
452,18822
452,18822
452,18824
452,18825
452,18823
452,18822
452,18823
452,18825
452,18825
452,18824
452,18824
452,18823
452,18824
452,18822
452,18824
452,18823
452,18825
452,18823
452,18825
453,18828
453,18827
453,18828
453,18826
453,18826
453,18826
453,18827
453,18825
453,18826
453,18827
453,18825
453,18825
453,18828
453,18828
453,18826
453,18827
453,18828
453,18827
453,18825
453,18825
454,2202
454,2202
454,19806
454,2202
454,2202
455,0
456,2197
456,2197
456,2197
456,2197
456,2197
457,18639
457,18640
457,18641
457,18641
457,18639
457,18639
457,18639
457,18640
457,18639
457,18641
457,18641
457,18641
457,18640
457,18640
457,18640
458,2197
458,2197
458,2197
458,2197
458,2197
459,18650
459,18649
459,18649
459,2197
459,2197
459,18650
459,2197
459,2197
459,18650
459,18649
459,18649
459,18650
459,2197
459,18650
459,18649
460,18647
460,18647
460,18646
460,18648
460,18648
460,18646
460,18646
460,18647
460,18647
460,18647
460,18646
460,18646
460,18648
460,18648
460,18648
461,1968
461,1968
461,18646
461,18651
461,18651
461,18646
461,1968
461,18646
461,1968
461,18651
461,1968
461,18651
461,18646
461,18646
461,18651
462,18644
462,18643
462,18643
462,18642
462,18642
462,18644
462,18644
462,18642
462,18642
462,18644
462,18642
462,18643
462,18644
462,18643
462,18643
463,0
464,2197
464,2197
464,2197
464,2197
464,2197
465,18769
466,1992
467,18750
467,18751
468,18752
468,18753
469,18755
469,18754
470,29719
470,18756
470,29718
471,18757
472,18759
472,18758
473,1993
473,18760
474,18762
474,18763
475,18766
475,18763
475,18765
475,18764
476,18767
477,18768
478,2168
478,2168
478,2168
478,2168
479,0
480,2225
480,18721
480,18720
481,18727
481,18728
482,18726
482,18725
483,18723
483,18721
484,18749
484,2356
485,2225
486,0
487,0
488,0
489,0
490,0
491,18719
491,1989
492,18718
492,18717
492,18716
493,18715
494,18714
494,18713
495,29742
495,18712
495,30479
496,18711
497,18709
497,18710
498,18708
498,1988
499,18706
499,18705
500,18704
500,18702
500,18705
501,18701
501,18702
502,18700
503,29884
504,29882
504,29883
504,31077
504,29890
504,29881
504,29889
505,30003
505,31075
505,31081
505,30496
505,30497
506,30007
506,29833
507,31079
507,31076
507,30006
507,2083
508,30004
508,31080
508,29837
508,30005
508,29836
508,31075
508,29835
509,29892
509,2091
510,29890
510,29887
510,29891
510,29889
511,0
512,18817
512,18817
512,18816
512,18816
512,18816
512,18816
512,18817
512,18817
513,18813
513,18813
513,18813
513,18813
514,18815
514,18814
514,30480
514,30480
514,30480
514,18814
514,18815
514,30480
514,18815
514,18814
514,18815
514,18814
515,29897
516,18653
516,18653
516,18652
516,18653
516,18652
516,18653
516,18652
516,18652
517,29897
518,18654
518,18654
518,18655
518,18654
518,18655
518,18655
518,18654
518,18655
519,0
520,18811
520,1998
520,18812
520,1998
520,1998
520,18811
520,1998
520,18812
520,18811
520,18811
520,1998
520,18812
520,18812
520,18811
520,18812
521,0
522,29897
522,18657
522,18657
522,18657
522,18657
522,18656
522,18656
522,18657
522,18656
522,18656
523,19536
523,19536
523,21484
523,21392
523,21484
523,19536
523,21484
523,21392
523,21392
524,0
525,31061
525,31069
525,31060
525,31068
526,31088
527,0
528,0
529,31066
529,31064
530,31062
530,31067
530,31063
530,31065
530,31066
530,31064
531,0
532,0
533,1983
533,1983
533,1983
533,1983
533,1983
534,19536
534,19536
534,19536
535,19536
535,19536
535,19536
536,0
537,9269
537,560
537,9292
537,9268
537,560
537,9292
538,29720
538,29720
539,18775
539,18774
539,18775
539,18774
540,18772
540,18773
540,18772
540,18773
541,0
542,18770
542,29721
542,29721
542,18770
543,18777
543,18777
544,18776
544,18775
544,1994
544,1994
544,18775
544,18776
545,18691
545,18692
545,18691
545,18692
546,18699
546,29741
546,29741
547,30784
547,30784
548,18698
548,18698
549,18697
549,30783
549,30783
549,18697
550,30783
550,18694
550,30783
550,18694
551,18693
551,1987
551,1987
551,18693
552,18777
552,18777
553,18777
553,18778
553,18778
553,18777
554,30499
554,29897
554,30000
554,29895
554,29998
554,29999
554,29894
554,29896
555,31654
555,30002
555,19814
555,29898
555,29893
556,19816
556,19817
556,19817
556,19815
556,19815
556,19816
557,31654
557,19814
557,19815
557,19815
558,31654
559,19807
559,19809
559,2197
559,2197
559,2197
559,19808
559,2197
559,19808
559,19807
559,19809
559,2197
560,19809
560,19810
560,19809
561,18690
561,18690
562,18778
562,18778
563,32381
563,32381
564,0
565,18809
565,18810
565,18809
565,18808
565,18810
565,18810
565,18810
565,18808
565,18809
565,18809
565,18808
565,18810
565,18808
565,18809
565,18808
566,2200
566,2200
566,18807
566,2200
566,2200
566,18807
566,2200
566,18807
566,18807
566,18807
567,0
568,0
569,0
570,0
571,18661
571,18659
571,18661
571,18661
571,18659
571,18660
571,18660
571,18660
571,18661
571,18660
571,18660
571,18659
571,18659
571,18661
571,18659
572,18662
572,18662
572,18663
572,18663
572,2199
572,2199
572,18663
572,18662
572,18662
572,2199
572,18662
572,18663
572,18663
572,2199
573,0
574,0
575,0
576,0
577,14819
577,31395
577,29738
577,29722
577,29740
577,31394
578,29740
579,0
580,0
581,0
582,30679
582,30693
582,30692
582,30680
582,30681
582,3873
583,9269
583,9268
584,30790
584,3866
584,3872
584,3871
584,30681
584,3869
584,20582
584,3873
584,20583
584,20581
585,9267
585,9269
585,20584
585,9268
586,30674
586,18778
586,30674
586,18778
586,18779
586,18779
587,18782
587,18780
587,18780
587,18782
588,18688
588,18686
588,18688
588,18686
589,18689
589,18689
590,18782
590,18782
591,20549
591,20576
591,20578
591,20580
591,10185
591,20576
591,10185
591,20549
591,20578
591,3873
591,20580
592,18799
592,18799
592,18799
592,18800
592,18799
592,18800
592,18801
592,18801
592,32421
592,18800
592,18800
592,18801
592,32421
592,18801
593,1996
593,18802
593,18802
593,1996
593,18802
593,18802
593,1996
593,1996
594,0
595,18806
595,18806
595,18806
595,18805
595,18806
595,18805
595,18805
595,18805
596,18803
596,18803
596,18804
596,18804
596,18803
596,18804
596,18804
596,18803
597,18799
597,18799
597,18799
597,18799
598,18799
598,18799
598,18799
598,18799
599,20579
599,20549
599,20578
599,20575
599,20579
599,20577
599,10189
599,20577
599,10189
599,10188
599,20549
599,20578
599,20575
599,10188
600,0
601,18664
601,18664
601,18664
601,18664
602,18671
602,18671
602,18671
602,18671
603,18669
603,18670
603,18668
603,18670
603,18670
603,18669
603,18670
603,18668
603,18669
603,18668
603,18669
603,18668
604,18667
604,18667
604,1985
604,18667
604,1985
604,18667
604,1985
604,1985
605,18666
605,18665
605,18665
605,18666
605,18665
605,18666
605,18666
605,18665
606,29850
606,29867
606,29866
606,29850
606,19489
606,19488
606,19489
606,29866
606,19488
606,29867
607,29858
607,29858
607,29859
607,29859
608,29856
608,29861
608,29862
608,29860
608,31872
608,29861
608,29862
608,31872
608,29860
608,29856
609,31180
609,29854
609,29864
609,29852
609,31180
609,29855
609,29853
609,29854
609,29862
609,29853
609,29862
609,29855
609,29863
609,29863
609,29864
609,29852
610,0
611,0
612,14817
612,14817
613,0
614,0
615,341
615,341
616,0
617,293
617,293
618,18792
618,18791
618,18790
618,18791
618,18792
618,18790
619,18796
619,18795
619,18794
619,18796
619,18794
619,18798
619,18798
619,18795
620,18793
620,18793
621,18782
621,18784
621,18784
621,18783
621,18783
621,18782
622,18789
622,18789
623,18787
623,18788
623,18787
623,18788
624,18785
624,18784
624,18784
624,18785
625,18782
625,18782
626,0
627,0
628,29734
628,29734
628,14818
628,14818
629,29733
629,29735
629,29732
629,29736
630,18681
630,30335
630,30335
630,18681
631,0
632,18684
632,18684
632,18685
632,18685
633,30478
633,30478
634,0
635,1995
635,1995
636,0
637,18674
637,18673
637,18672
637,18674
637,18672
637,18673
638,18678
638,18676
638,18677
638,18678
638,18677
638,18676
639,18675
639,18675
640,18679
640,18679
641,0
642,31654
642,31645
642,18900
643,0
644,18899
644,18898
645,30345
645,18863
646,0
647,18864
647,18865
648,15232
648,15232
649,31697
649,31698
649,31696
649,31695
650,31690
650,31703
651,31691
651,31702
651,31701
652,31692
652,31700
652,31693
652,31699
652,31730
653,188
653,188
654,0
655,28281
655,30682
655,30682
655,28281
656,19304
656,19303
656,19300
656,19301
656,24489
656,19305
656,19302
656,19306
657,0
658,30843
659,0
660,0
661,0
662,30839
663,31499
664,31500
664,30840
665,30842
665,30841
666,0
667,0
668,0
669,0
670,0
671,0
672,0
673,0
674,0
675,20565
675,6260
675,20562
675,20564
675,20591
675,6257
675,20563
676,20573
676,3838
676,20574
676,3839
677,20567
677,20569
677,20571
677,3834
677,20573
677,3826
677,6249
677,20568
678,20566
678,20565
678,6248
678,31284
678,6250
678,25761
679,20592
679,31283
679,6239
679,20591
679,6259
679,20592
679,6259
679,6239
679,31283
680,20592
680,31283
680,29553
680,11506
680,3555
680,20592
680,3566
680,31283
681,20589
681,20591
681,20589
682,18435
682,17861
682,17863
682,17862
682,18436
682,18434
682,17860
682,18433
683,17874
683,17876
683,18421
683,17878
683,12320
683,12293
683,12307
683,17875
684,18426
684,18428
684,17871
684,17873
684,12307
684,913
684,917
685,30905
685,18432
685,17864
685,18429
685,18430
685,18431
685,17865
685,17867
685,18433
686,31793
687,18000
687,17999
687,919
687,31793
687,18407
687,18001
687,18406
688,918
688,18411
688,18409
688,17998
688,17892
688,17891
688,17890
688,18412
688,18410
688,912
689,18415
689,18413
689,17888
689,18414
689,18416
689,17887
689,18412
689,17885
689,25800
689,25801
690,18420
690,17878
690,17880
690,18418
690,18419
690,17879
690,17883
691,0
692,0
693,20592
693,20561
693,31283
693,6232
693,20592
693,20561
693,31283
693,6232
694,4342
694,15004
694,15025
694,15026
694,30795
694,20604
694,20599
695,30796
695,3739
695,15036
695,15037
695,15003
695,15039
695,4360
696,15034
696,3742
696,15036
696,4366
696,20605
696,4367
696,15035
697,4362
697,15031
697,15030
697,15033
697,4359
697,15032
697,4361
697,4365
698,4354
698,15029
698,15028
698,15027
698,30801
698,30795
698,3740
698,4357
699,12196
699,30797
699,30799
699,15044
700,4356
700,30800
700,4355
700,4358
700,15040
700,15042
700,3743
700,15043
700,15039
700,15041
701,3914
701,20604
701,20599
702,30187
702,30187
703,698
704,698
705,698
705,1169
705,1169
706,1169
706,1169
707,0
708,19452
708,19453
708,19312
708,19382
709,19454
709,31056
709,19309
709,30691
709,19455
709,19311
710,0
711,3914
711,30794
711,30793
711,15024
711,4352
711,4353
712,0
713,0
714,19313
714,29759
714,19313
715,19315
715,19315
716,19314
716,2004
716,2004
716,19314
717,30906
717,18402
717,18003
717,31793
717,18405
718,30906
718,18402
718,18003
718,31793
718,18405
719,6236
719,20559
719,20559
719,6233
719,6236
719,6233
719,952
719,6237
719,952
719,6237
720,952
720,952
721,15021
721,15022
721,13021
721,3744
721,4327
721,15023
722,4335
722,20602
722,15013
722,3738
723,4332
723,15015
723,4333
723,15014
723,15016
723,4331
723,20602
723,4334
724,20600
724,4330
724,20603
724,15019
724,15020
724,15018
724,4328
724,4329
725,0
726,0
727,0
728,0
729,0
730,0
731,0
732,0
733,0
734,0
735,20587
735,20587
736,21977
736,21904
736,20591
736,30592
736,21978
736,21903
737,21901
737,21979
737,21980
737,21902
738,21900
739,21900
740,15011
740,20601
740,4340
740,898
740,20607
740,4339
740,4337
740,15012
740,14951
740,3738
741,15005
741,4346
741,4349
741,4350
741,15006
742,275
742,4344
742,4346
742,15007
742,4345
742,14950
742,24646
742,15009
743,30112
743,30112
743,4350
744,19494
744,21489
744,19495
744,19532
744,19491
744,19492
744,19533
745,29791
745,19516
745,19511
745,19512
745,19517
746,30702
746,19509
746,19508
746,19518
746,19519
747,19522
747,30702
747,19506
747,19521
747,2027
747,19507
747,19505
747,19523
748,19527
748,19503
748,19525
748,19504
748,29792
749,30703
749,19499
749,19500
749,19524
749,19528
749,19501
750,30349
750,19496
750,2023
750,30535
750,2002
750,19530
750,19531
750,19497
751,19514
751,29790
751,19513
751,19515
752,30683
752,19446
752,19447
752,19449
752,19318
752,19319
753,19449
753,19450
753,19316
754,21988
754,21987
754,706
754,695
754,21989
755,20604
755,20599
756,18149
756,18195
757,21894
757,21987
757,21895
757,695
757,21989
758,3914
759,18150
759,18194
760,18149
760,18195
760,18150
760,18194
761,0
762,0
763,0
764,18321
764,3738
765,268
765,18321
766,18188
766,18193
766,21964
766,18152
766,18150
766,18151
766,829
766,18153
766,17425
766,18194
767,21987
767,21896
767,705
767,21985
768,31340
768,21898
768,21899
768,21983
768,21982
768,21900
769,21983
769,705
769,21897
769,696
770,699
770,6234
770,20550
770,6234
770,20550
770,699
771,6251
771,6251
772,21964
772,17421
772,18154
772,16399
772,16489
772,829
773,6255
773,6252
773,6252
773,20558
773,6255
773,20558
774,703
774,703
775,19321
775,18889
775,18889
775,19320
775,14826
775,18888
775,19320
775,14826
775,19321
775,18888
776,0
777,0
778,0
779,694
779,694
779,694
779,18878
779,694
779,18880
779,18880
779,18878
779,694
779,694
779,18880
780,18882
780,18882
780,18882
780,32218
781,32219
781,18884
781,18878
781,18884
781,18878
781,32218
781,32219
781,32219
781,18884
782,25816
782,25826
782,18321
783,0
784,0
785,0
786,18218
786,18272
786,22401
786,21198
786,22400
787,19707
788,31720
788,31826
788,31826
789,0
790,0
791,0
792,0
793,18875
793,18875
793,18887
793,18887
794,0
795,0
796,0
797,2843
797,13905
797,13905
798,17037
798,17038
798,21260
798,21261
798,17419
798,18154
798,16489
798,18211
798,18208
799,18161
799,18217
799,18216
800,18213
800,18215
800,17037
800,18164
800,18165
800,18162
800,18163
800,18214
800,18212
801,0
802,0
803,0
804,0
805,8712
806,30684
806,30701
806,30701
806,18878
806,29716
806,18878
806,18877
806,30684
806,18877
806,29716
807,0
808,25825
808,31827
809,16397
809,16491
809,16396
809,21964
809,16492
809,16398
809,16397
809,16493
809,16398
809,16396
809,16494
809,829
810,18154
810,16489
811,0
812,32216
812,21999
812,22000
812,31209
812,32218
813,21890
813,21889
813,30853
813,21995
814,21996
814,21997
814,30545
814,21998
814,32217
815,21893
815,21891
815,21992
815,21990
815,695
815,21989
816,29555
816,21993
816,21890
816,30853
816,29554
817,29585
817,29584
817,29576
817,705
817,29577
817,29578
818,30227
818,21993
818,21890
818,30853
819,30227
819,29579
819,29583
819,29582
819,29578
820,1249
820,1249
820,1249
820,1249
821,1249
821,1249
821,1249
821,1249
822,0
823,30877
823,920
823,18008
823,21957
823,30329
824,18394
824,18017
825,18395
825,18014
825,24117
825,32269
825,18397
825,18396
825,24116
826,30916
826,18013
826,18397
826,226
826,18400
826,21626
827,0
828,0
829,1249
829,1249
829,1249
829,1249
830,30596
830,30596
830,30596
830,2
830,2
830,2
830,30596
830,2
831,28
831,28
831,28
832,0
833,0
834,19325
834,19444
834,19443
834,19325
834,19324
834,19445
834,19323
834,19443
834,19324
834,19445
834,19444
834,19323
835,29760
835,29760
835,19440
835,19440
836,19327
836,29758
836,30685
836,19441
836,30685
836,29760
836,29760
836,19441
836,29758
836,19327
837,19328
837,19439
837,19328
837,30484
837,30484
837,19439
837,19440
837,19440
838,19438
838,19438
839,19330
839,19438
839,19438
839,19330
840,19330
840,19330
841,12261
841,14995
841,17345
841,12319
841,12304
841,12261
841,17345
841,12319
841,12319
841,12261
841,14995
841,17345
841,14995
841,12304
842,12304
842,17343
842,17343
842,12304
842,10208
843,21962
843,867
843,21204
843,21962
843,21204
843,21962
843,867
843,21204
843,21962
844,0
845,0
846,21204
846,21941
846,21941
846,21204
846,21204
847,21942
848,19433
848,29757
848,19336
848,19432
848,29761
848,19336
848,19432
848,29761
848,19433
848,29757
848,19335
848,19335
849,0
850,19334
850,2018
850,2018
850,31015
850,19334
850,2007
850,19436
850,19436
850,19434
850,31015
850,2007
850,19434
851,12324
851,17343
851,12324
851,12278
851,17343
851,12323
851,12278
851,12335
851,16182
851,12323
851,12336
851,17331
851,12296
851,12336
851,12296
851,10208
851,16182
851,17331
851,12335
852,12305
852,14891
852,14892
852,12305
852,14892
852,12335
852,14891
852,12336
852,12336
852,12345
852,12335
853,22335
853,22470
853,22470
853,22335
854,21602
854,22335
854,22470
854,21942
854,22470
854,22335
855,0
856,30394
856,19036
856,17343
856,10211
856,10200
856,19034
856,17343
856,10201
856,30746
856,19033
856,10210
856,10208
857,30744
857,19035
857,19037
857,10206
857,10209
857,12784
857,16190
857,31353
857,10207
858,1159
858,21603
858,21942
858,21604
859,1158
859,21605
859,959
859,21606
859,960
859,1145
860,32302
860,32302
861,0
862,0
863,12261
863,31059
863,31059
863,30914
863,30319
863,12261
863,16030
863,30914
863,16028
863,12261
863,30319
863,16028
863,16030
863,30915
863,30915
864,16038
864,16200
864,16036
864,16202
864,16200
864,16037
864,16034
864,16201
864,16201
864,16203
864,16202
864,16036
864,16038
864,16034
864,16037
864,16203
865,16204
865,16205
865,30907
865,16033
865,30907
865,16033
865,16205
865,16204
866,30912
867,18393
867,18393
867,16039
867,30913
867,30913
867,16040
867,16040
867,16039
868,18149
868,26228
868,17441
868,18196
868,17441
868,18055
868,26259
868,18148
868,18195
869,26247
869,30928
869,17576
869,18201
869,17896
869,18143
869,18020
869,18202
870,17896
870,17442
870,17708
870,26255
870,30927
870,18144
870,17895
871,18036
871,18146
871,828
871,837
871,18198
871,18197
872,17841
872,17989
872,17832
872,17987
872,17828
872,18096
873,17990
873,17825
873,17993
873,17820
873,17994
873,17978
873,17613
873,18287
873,17828
874,17610
874,17995
874,17611
874,17612
874,839
874,826
874,17613
874,17997
874,17996
875,30289
875,18006
875,17600
875,18206
875,827
875,17462
875,18012
876,18204
876,18016
876,18206
876,18203
876,18134
876,18018
876,18205
877,17922
877,17927
877,17924
877,17953
877,17948
877,17957
877,17951
877,17920
878,17919
878,17971
878,17918
878,17959
878,17917
878,17972
879,17976
879,17916
879,17915
879,26233
879,17973
879,17914
879,17974
879,17975
880,17908
880,18210
880,17980
880,17981
880,17858
880,17910
880,17979
880,18106
881,502
881,17982
881,18207
881,486
881,17984
881,17849
881,17847
881,18108
882,17935
883,17933
883,17947
883,17948
883,17946
883,17945
883,17929
883,22707
883,17934
884,30918
884,31014
884,30912
885,18586
885,16024
885,16024
885,16052
885,16052
885,10205
885,10209
885,12784
885,16190
886,16187
886,10209
886,16188
886,12784
886,16187
886,16190
886,16189
887,31281
887,14892
887,16187
887,17338
887,14892
887,14893
887,12331
887,16187
888,523
888,523
889,20556
889,14892
889,20557
889,14892
889,947
889,14066
889,951
889,14061
890,0
891,30908
891,30909
891,30912
892,0
893,909
893,909
894,18586
894,16024
894,16022
894,16024
894,9899
894,12302
894,123
894,123
894,123
894,133
894,9898
894,16023
895,16021
895,16020
895,16187
895,12302
895,16185
895,16186
895,16185
895,16187
895,16186
896,0
897,27411
897,31012
897,31014
898,16196
898,18586
898,16024
898,16024
898,16194
898,16195
898,16193
899,14063
900,20555
901,30129
901,698
901,1169
901,29566
901,1169
901,29567
901,21682
901,21769
902,21780
902,21779
902,21673
902,21669
903,0
904,31449
904,29559
904,31450
905,29563
905,21776
905,29560
905,21777
905,21677
905,21774
905,29561
906,29563
906,21773
906,21678
906,21771
906,21679
906,29562
906,30130
906,21774
907,29566
907,21680
907,29567
907,29568
907,29565
907,21770
908,21796
909,30132
909,21668
909,21793
909,21667
910,29556
910,21791
910,29557
910,29558
910,29569
910,30131
911,338
911,22468
911,22337
911,22468
911,22335
911,22336
911,22470
911,22469
911,22336
911,22337
911,22469
911,22470
911,22335
911,326
911,338
911,326
912,23297
912,23039
912,23039
912,1107
912,1129
912,1129
912,1107
912,23297
913,12274
913,12275
913,12302
913,123
913,12275
913,123
913,123
913,12275
913,12274
914,14067
914,20553
914,14071
914,20552
914,14072
915,14057
915,14068
915,14064
915,14069
915,14065
915,14058
916,16181
916,12300
916,16181
917,23295
918,23295
919,19344
919,19424
920,19430
920,19337
920,19431
921,19340
921,19428
921,19341
921,19427
922,19343
922,19342
922,19426
922,19425
923,16064
923,16181
923,12300
923,16181
924,0
925,0
926,0
927,0
928,0
929,0
930,0
931,0
932,0
933,0
934,0
935,0
936,0
937,0
938,0
939,0
940,0
941,0
942,0
943,0
944,0
945,0
946,0
947,0
948,0
949,0
950,0
951,0
952,0
953,0
954,0
955,0
956,0
957,16064
957,18045
957,18045
958,604
958,19477
959,16064
959,18045
959,12269
959,18045
959,20405
959,12269
959,604
960,382
960,382
960,382
960,382
960,382
960,382
960,382
960,382
960,382
961,15910
961,373
962,21796
962,31210
962,21656
963,0
964,21799
964,21653
965,30137
966,0
967,372
967,17225
968,372
969,372
969,15794
969,15912
969,15793
969,15911
969,15913
970,21652
970,30136
970,30136
971,16448
971,15661
971,16447
971,14071
972,14071
973,14060
973,30789
973,18241
974,15651
974,15653
974,15654
974,14059
974,15652
975,15929
975,5805
975,15663
975,5805
976,21658
976,29574
976,29575
976,29570
976,21663
976,21796
976,29571
976,29571
976,21663
976,21658
976,29574
976,29570
976,29575
977,30134
977,30135
977,29573
977,30134
977,29573
977,29572
977,30135
977,29572
978,30223
978,30223
979,372
980,0
981,17319
982,19418
983,19352
984,29765
985,29765
986,19396
986,19373
987,19380
987,19388
988,19391
988,19378
988,19379
988,19377
988,19389
989,19393
989,19392
989,29485
989,19376
990,31057
990,31055
991,0
992,0
993,17320
993,17319
994,11623
994,10940
994,11623
994,17320
994,10940
994,11623
994,11624
994,10940
994,11624
994,11624
994,11623
994,11624
994,10940
995,16595
995,16595
995,17319
995,16595
995,18488
995,19064
995,19064
995,19064
996,17320
996,31758
996,16595
996,16595
996,31758
996,16595
996,31758
996,18488
997,19348
997,19347
997,19422
998,19350
998,19419
999,19348
999,2017
999,2008
999,19421
1000,20606
1001,15447
1001,15458
1001,18486
1001,16595
1001,19061
1001,16595
1001,19060
1001,16595
1001,18488
1001,18485
1001,18487
1002,2013
1002,2013
1003,0
1004,17320
1004,17321
1004,5751
1005,11217
1005,16595
1005,16595
1005,16926
1005,16595
1005,18488
1005,11217
1005,16926
1005,5757
1006,11217
1006,16926
1006,11217
1006,17321
1006,5751
1006,16926
1006,5757
1007,15447
1007,5756
1008,5746
1008,5755
1008,11217
1008,30810
1008,14889
1008,16926
1008,11217
1008,5756
1008,16926
1008,5757
1008,5748
1009,18031
1009,18032
1009,30919
1010,18027
1010,30910
1010,18024
1010,18028
1011,18030
1011,922
1012,31014
1012,16046
1012,16042
1012,30294
1013,15392
1013,16180
1013,12322
1013,12322
1013,16180
1013,16068
1013,16066
1013,16179
1013,604
1013,16179
1014,20404
1014,16073
1014,907
1014,20404
1014,20408
1014,16072
1014,907
1015,15450
1015,17321
1015,5751
1015,17323
1016,2014
1016,19370
1016,31018
1016,2011
1017,0
1018,19371
1018,31018
1018,30485
1018,19372
1018,19397
1019,19400
1020,19400
1021,19354
1021,19353
1021,19416
1021,19417
1022,19400
1023,19368
1023,29754
1023,30688
1023,19369
1024,30689
1024,30686
1025,29755
1025,29763
1025,19403
1025,19366
1025,19405
1025,31058
1026,19364
1026,19411
1026,31058
1027,19362
1027,19363
1027,19406
1027,19407
1028,19361
1028,19360
1028,19409
1028,19408
1029,19359
1029,19412
1029,29756
1029,30690
1029,19384
1029,29762
1030,19413
1030,19357
1030,2016
1030,2009
1031,19355
1031,19415
1031,19414
1031,19356
1032,17201
1032,11217
1032,17201
1032,16598
1032,16926
1032,16925
1032,11217
1032,16925
1032,21221
1032,16597
1032,16599
1032,16926
1032,5757
1032,21221
1033,21221
1033,16599
1033,21221
1034,18482
1034,18484
1034,18481
1034,15496
1034,18483
1034,15501
1034,15499
1035,15528
1036,15508
1036,19068
1036,15507
1036,15502
1036,15511
1036,18480
1036,18479
1036,18478
1037,31786
1037,15528
1037,31786
1038,18248
1038,17453
1038,15525
1039,15792
1039,15916
1039,15914
1039,15786
1039,15789
1039,15791
1039,15915
1040,17453
1040,16984
1040,15527
1040,16983
1040,15526
1040,15525
1041,16982
1041,15582
1041,16980
1041,223
1041,16981
1041,15584
1041,16979
1041,15579
1041,15586
1041,371
1042,15779
1042,15917
1042,15587
1042,15782
1042,15919
1042,15918
1043,17324
1043,15454
1044,16602
1044,16604
1044,16924
1044,17573
1044,17573
1044,16924
1044,21221
1044,16599
1044,21221
1045,16604
1045,16924
1045,15454
1045,16924
1046,11133
1046,11135
1046,25288
1046,11128
1046,5756
1046,14890
1046,11127
1046,11132
1047,25288
1048,27748
1048,27748
1048,21221
1048,16599
1048,21221
1049,8533
1049,12299
1049,16181
1049,12300
1049,9392
1049,16181
1050,1308
1050,8517
1051,8534
1051,8545
1052,8524
1052,30743
1052,8528
1053,8550
1054,8525
1054,8531
1054,8549
1055,6841
1055,6840
1055,6842
1056,1308
1057,19040
1057,8545
1058,8523
1059,30726
1060,31714
1060,8531
1061,21608
1061,1106
1061,21609
1061,1081
1061,21610
1061,21607
1061,1137
1061,1138
1062,21828
1062,958
1062,992
1062,26163
1062,1006
1062,961
1062,21827
1063,1007
1063,21940
1063,21824
1063,1081
1063,21826
1063,21825
1063,21939
1064,21845
1064,21924
1064,21843
1064,21923
1064,21844
1064,21921
1064,21925
1065,21839
1065,26161
1065,21840
1065,21928
1065,21841
1065,21927
1065,21925
1066,21837
1066,21930
1066,21929
1066,21836
1066,21838
1066,21931
1067,21932
1067,21933
1067,21934
1067,964
1067,21833
1067,21834
1067,957
1067,21835
1068,21936
1068,21830
1068,21831
1068,21937
1069,21846
1069,21943
1069,22595
1069,21920
1070,15463
1070,15455
1070,15463
1070,15455
1070,15454
1071,15907
1071,15908
1071,15795
1071,15800
1071,381
1071,15798
1071,16966
1071,15799
1072,15838
1072,16734
1072,15835
1072,16735
1072,16733
1072,15837
1072,16736
1072,15834
1073,30996
1073,379
1073,16738
1073,16737
1073,15833
1073,28404
1074,30996
1074,15898
1074,15698
1074,16739
1074,15697
1075,15899
1075,15822
1075,15819
1075,32312
1075,16959
1075,15820
1076,16963
1076,15800
1076,16964
1076,15815
1076,15814
1076,16962
1076,15817
1077,16727
1077,16726
1077,15845
1077,16729
1077,15848
1077,15843
1077,15847
1077,16728
1078,15839
1078,15842
1078,15841
1078,16730
1078,16731
1078,16732
1079,16711
1079,15850
1079,15852
1079,16436
1079,16435
1079,15851
1080,0
1081,1227
1081,22595
1081,1227
1082,375
1082,378
1083,375
1083,378
1084,16604
1084,16924
1084,16923
1084,16923
1084,16924
1084,21530
1084,21530
1085,0
1086,0
1087,15529
1087,232
1087,15535
1087,18477
1087,255
1087,15528
1087,18475
1087,18476
1088,15546
1089,31519
1089,31436
1089,80
1089,31519
1089,31520
1090,0
1091,31343
1091,16611
1092,31343
1092,16611
1093,15465
1093,15573
1094,15465
1094,15573
1095,17453
1095,17482
1095,15524
1095,15522
1095,17489
1095,17483
1095,15521
1095,17485
1095,15525
1095,15523
1096,17499
1096,17491
1096,15519
1096,17495
1096,15520
1097,0
1098,15518
1098,15517
1099,17502
1099,17505
1099,17500
1100,15516
1101,15516
1102,15516
1103,12329
1103,12346
1103,16173
1104,122
1104,20410
1104,30920
1104,16347
1105,20409
1105,16084
1105,16168
1105,16079
1105,16170
1105,16172
1105,16169
1105,16082
1106,21861
1106,21858
1106,21918
1106,21916
1106,21859
1107,21910
1107,21872
1108,21912
1108,21866
1108,21914
1108,21868
1108,21869
1108,21911
1109,20410
1109,30920
1110,0
1111,0
1112,8546
1112,514
1112,14997
1112,519
1113,520
1113,20410
1113,14993
1113,513
1113,30920
1114,17550
1114,17547
1114,16615
1114,31343
1114,16612
1114,16613
1114,16614
1114,17555
1115,17545
1115,16616
1116,17332
1116,17330
1116,15513
1116,15530
1116,15559
1116,15465
1116,15468
1117,15512
1117,15471
1118,18473
1118,15552
1118,18471
1118,18472
1118,18474
1118,18470
1118,15556
1118,15554
1118,15557
1119,32387
1119,15581
1119,15490
1119,18468
1119,19067
1119,15577
1120,254
1120,15558
1120,19062
1120,18470
1120,19062
1120,254
1120,26521
1120,15577
1120,15557
1121,0
1122,520
1122,14997
1122,519
1123,520
1124,15504
1124,17334
1125,17334
1126,19281
1126,19281
1126,19281
1126,19281
1126,12397
1126,12397
1127,0
1128,12253
1129,12253
1130,0
1131,12253
1132,954
1132,954
1133,0
1134,0
1135,21909
1135,21878
1135,7523
1135,21906
1135,21876
1135,21908
1136,21880
1136,21905
1137,15514
1137,17519
1137,15509
1137,15515
1137,17518
1137,17523
1137,17520
1137,15510
1138,15589
1138,19066
1138,15506
1138,17525
1139,15581
1139,18466
1139,15585
1139,15589
1139,17532
1139,15583
1139,17532
1139,19066
1139,15490
1139,19067
1139,15583
1139,17525
1140,0
1141,0
1142,0
1143,0
1144,0
1145,0
1146,0
1147,0
1148,0
1149,0
1150,15856
1150,23041
1150,505
1150,15752
1150,23040
1150,23293
1150,23295
1150,21956
1151,23045
1151,1488
1151,23286
1151,23285
1151,868
1152,30997
1152,15753
1152,23291
1152,23044
1152,23042
1152,23043
1152,23288
1152,23289
1153,882
1153,23110
1153,23111
1153,23274
1154,23108
1154,23278
1154,23107
1154,23109
1154,23277
1154,23275
1155,23280
1155,23281
1155,23104
1155,23279
1155,23105
1155,23106
1156,23102
1156,23099
1156,23282
1156,23103
1156,23283
1156,23284
1156,23101
1156,23100
1157,0
1158,15589
1158,15592
1158,19066
1158,18463
1158,18464
1158,17525
1159,0
1160,0
1161,0
1162,0
1163,0
1164,0
1165,0
1166,0
1167,0
1168,0
1169,0
1170,0
1171,0
1172,0
1173,0
1174,0
1175,252
1175,237
1175,15599
1175,18463
1176,0
1177,0
1178,0
1179,0
1180,0
1181,27287
1181,27245
1181,27246
1182,0
1183,0
1184,0
1185,235
1185,20608
1185,235
1185,252
1185,237
1185,16987
1186,18463
1187,30332
1187,30332
1188,0
1189,31632
1190,27349
1190,31632
1190,31673
1191,0
1192,31632
1193,27349
1193,31673
1194,17242
1194,252
1194,18029
1194,237
1194,15608
1194,18026
1195,18025
1195,15614
1196,15178
1196,31632
1196,15178
1196,15178
1197,27349
1197,27370
1197,31673
1197,27371
1198,27369
1198,27331
1199,27349
1199,29508
1199,27329
1199,31673
1200,27331
1200,27330
1201,11098
1201,85
1201,11102
1201,80
1201,11103
1201,79
1201,14895
1201,84
1202,11119
1202,11120
1202,14903
1203,14901
1203,14902
1203,11117
1203,11113
1203,3939
1203,11111
1203,14900
1203,11138
1203,11115
1203,11112
1204,11134
1204,11108
1204,14888
1204,30812
1204,11137
1204,14899
1205,11122
1205,77
1205,11108
1205,11104
1205,86
1205,11105
1205,78
1205,11121
1205,30811
1206,16915
1206,16914
1206,15475
1206,28451
1206,15476
1206,15473
1206,17335
1206,28452
1207,0
1208,18264
1208,17344
1208,16910
1208,16908
1208,15422
1208,16909
1208,15486
1208,15489
1209,15478
1209,16912
1209,16911
1209,17341
1209,28451
1209,16913
1209,15482
1209,15477
1210,89
1210,21220
1211,89
1211,136
1211,136
1212,89
1212,18322
1213,0
1214,0
1215,16433
1215,16432
1215,375
1215,378
1215,16434
1215,31104
1215,32059
1215,15870
1215,15869
1216,23620
1216,15878
1216,16382
1216,15879
1216,15880
1216,16384
1216,16383
1217,15877
1217,16429
1217,16427
1217,15876
1218,16430
1218,15874
1218,16431
1218,15872
1218,15875
1219,467
1219,476
1220,27264
1220,27269
1221,27264
1221,27269
1222,0
1223,0
1224,0
1225,20851
1225,20851
1226,0
1227,0
1228,250
1228,241
1228,242
1229,15618
1229,26519
1229,18023
1229,15617
1229,17992
1230,26520
1231,26524
1231,15616
1231,15617
1232,15618
1233,15628
1233,15628
1234,23264
1234,23269
1234,26165
1235,23263
1235,23261
1235,23262
1236,26128
1237,23112
1237,23113
1238,23114
1238,23115
1238,23116
1239,26128
1240,19052
1241,21222
1241,15628
1241,21222
1241,15628
1242,0
1243,16931
1243,18316
1243,18322
1243,16930
1244,18322
1245,0
1246,0
1247,27263
1248,241
1248,17528
1248,15427
1248,17522
1249,17983
1249,17529
1249,15620
1250,15618
1250,17985
1250,17988
1250,15619
1250,15620
1251,0
1252,0
1253,0
1254,15621
1254,241
1254,15627
1254,15622
1255,15620
1256,0
1257,0
1258,0
1259,0
1260,0
1261,16904
1261,17193
1262,12408
1262,19042
1262,12366
1262,30728
1263,12370
1263,14991
1263,30742
1263,30730
1263,12415
1264,30741
1264,521
1265,14990
1265,30731
1265,19043
1265,12410
1266,0
1267,0
1268,16933
1268,443
1268,16932
1269,0
1270,385
1271,385
1272,0
1273,0
1274,17598
1274,368
1275,17598
1275,368
1276,0
1277,0
1278,385
1279,0
1280,21219
1281,21219
1282,27283
1282,27250
1283,0
1284,0
1285,0
1286,0
1287,0
1288,0
1289,0
1290,0
1291,521
1291,14999
1291,14999
1292,15581
1292,383
1292,370
1292,17549
1292,15490
1292,17540
1292,17537
1292,19067
1292,15488
1293,15461
1293,17574
1293,28403
1293,17572
1293,15457
1293,17569
1293,15459
1293,17566
1294,17559
1294,17553
1294,15484
1294,15479
1294,15483
1294,15481
1294,17556
1294,17563
1295,17597
1295,15428
1295,17598
1295,368
1295,15424
1295,17595
1295,17593
1296,17574
1296,17582
1296,15456
1296,15453
1296,17578
1297,369
1297,17587
1297,15431
1297,15451
1297,17584
1297,15432
1297,17586
1297,384
1298,15630
1298,15631
1298,15629
1298,15628
1298,26514
1298,17436
1298,17439
1298,17436
1298,26526
1298,17439
1298,17438
1298,17438
1298,15631
1298,15628
1298,15629
1298,15630
1298,17440
1298,26514
1298,26526
1299,19059
1299,19059
1299,17432
1299,17432
1300,17435
1300,17435
1300,15632
1300,17433
1300,15632
1300,15635
1300,15635
1300,17433
1301,15420
1301,25973
1301,25973
1301,25972
1301,20850
1302,25973
1302,25973
1302,15421
1302,25974
1303,0
1304,27271
1305,27263
1306,29502
1306,29501
1307,27263
1308,30461
1308,521
1308,30461
1308,27350
1308,30461
1308,27350
1309,19053
1309,19050
1309,19051
1310,19054
1310,19049
1311,23118
1311,26128
1311,23259
1311,23260
1311,23258
1311,26129
1311,23119
1311,23117
1312,23256
1312,23257
1312,23120
1312,26130
1312,22379
1312,23255
1313,0
1314,0
1315,26529
1315,26529
1316,0
1317,0
1318,0
1319,0
1320,0
1321,0
1322,0
1323,0
1324,0
1325,0
1326,0
1327,0
1328,0
1329,0
1330,0
1331,0
1332,0
1333,0
1334,30717
1334,30718
1334,30717
1334,30718
1335,0
1336,30717
1336,30718
1336,30717
1336,30718
1337,0
1338,30733
1338,14999
1338,14999
1338,19048
1338,30732
1338,19048
1339,511
1339,511
1339,26529
1339,30733
1339,511
1339,511
1339,511
1339,15963
1339,15963
1339,19048
1339,26529
1339,19048
1340,0
1341,26517
1342,244
1342,248
1342,244
1342,248
1343,26517
1344,26164
1345,23121
1345,26164
1346,27293
1346,27241
1346,27289
1346,27239
1346,27291
1346,27241
1346,27289
1346,27291
1346,27293
1346,27237
1346,27237
1346,27239
1347,27297
1347,27295
1347,27297
1347,31977
1347,31978
1347,27236
1347,27236
1347,27233
1347,31978
1347,27294
1347,27234
1347,27296
1347,27296
1347,27233
1347,27232
1347,27232
1347,27234
1347,27237
1347,27237
1347,27295
1347,31977
1347,27294
1348,0
1349,27301
1349,27231
1349,27299
1349,29496
1349,27230
1349,27230
1349,27300
1349,27299
1349,27229
1349,27229
1349,27231
1349,29496
1349,27300
1349,27301
1350,0
1351,1638
1351,1638
1352,0
1353,0
1354,15644
1354,26528
1354,26528
1354,15644
1355,26513
1355,26527
1355,26513
1355,26512
1355,26527
1356,17429
1356,17429
1356,15643
1356,15643
1357,0
1358,6936
1359,0
1360,31633
1361,0
1362,30733
1362,19048
1362,19048
1363,511
1363,511
1363,26529
1363,30733
1363,511
1363,511
1363,511
1363,15963
1363,15963
1363,19048
1363,26529
1363,19048
1364,0
1365,0
1366,30926
1367,21219
1368,0
1369,0
1370,442
1371,0
1372,27367
1372,27336
1372,27335
1372,27364
1373,0
1374,0
1375,27360
1375,31979
1376,1677
1376,27337
1376,27336
1376,1676
1376,27363
1376,27362
1377,31980
1377,27345
1378,12413
1378,30739
1378,27353
1378,27352
1378,27353
1378,12398
1378,19044
1379,30549
1379,14999
1379,14999
1379,30740
1380,23036
1381,23036
1382,19101
1383,14978
1383,14953
1384,1827
1384,1827
1384,29607
1385,23671
1385,23671
1386,0
1387,23036
1387,23672
1388,26515
1388,26517
1388,26516
1389,19056
1389,19057
1389,26525
1389,19057
1390,26515
1390,31199
1391,30720
1391,17727
1392,0
1393,823
1393,17536
1393,17534
1393,17539
1393,17542
1394,17530
1394,16621
1394,17531
1395,17524
1395,17526
1395,17521
1396,32221
1396,16625
1396,31023
1396,17521
1396,16626
1397,17517
1397,16629
1397,17487
1397,17514
1397,27456
1398,806
1398,16618
1398,27455
1399,17524
1399,16623
1399,17526
1399,16622
1399,16624
1400,16621
1400,16620
1400,16619
1401,0
1402,16632
1402,11334
1402,18595
1403,16630
1403,16629
1403,18595
1403,27456
1404,32221
1404,16628
1404,16625
1404,17521
1404,16624
1404,16626
1405,27262
1405,30537
1406,27275
1406,27278
1406,27258
1406,31964
1407,29500
1407,27273
1407,27274
1407,29495
1407,27260
1407,31965
1408,1639
1408,1642
1409,27252
1410,27252
1410,27278
1410,27281
1411,27346
1411,32071
1412,15965
1412,15965
1412,31454
1412,26511
1412,15966
1412,15966
1412,31454
1412,16801
1412,26511
1412,31981
1412,31981
1412,16801
1413,15964
1413,15964
1413,17428
1413,17428
1414,0
1415,26517
1416,0
1417,31752
1417,31788
1418,25971
1419,17737
1420,17446
1420,17737
1421,0
1422,23122
1422,23123
1422,23253
1422,26131
1422,23254
1422,23251
1422,23252
1422,23124
1423,23251
1423,23250
1423,23124
1423,26132
1424,27302
1424,27303
1424,27303
1424,27302
1424,27227
1424,27227
1424,27228
1424,27228
1425,30716
1425,27304
1425,27226
1425,30459
1425,30716
1425,27226
1425,30459
1425,31897
1425,31897
1425,27304
1426,12438
1426,12396
1426,30736
1426,30737
1427,12372
1427,30738
1427,30734
1428,12391
1428,30735
1428,12401
1429,0
1430,19045
1430,19045
1430,19045
1431,22481
1431,22482
1431,22483
1432,22494
1432,22491
1432,22495
1433,8
1433,8
1433,22490
1434,22488
1434,22487
1435,22484
1435,22486
1436,22499
1436,22495
1436,22498
1436,22498
1437,22513
1437,22513
1437,22515
1438,22511
1439,22509
1440,25867
1440,22503
1440,9
1441,22525
1441,22525
1442,22524
1443,22520
1443,22522
1443,22521
1444,22517
1444,21200
1444,21200
1445,22525
1445,22525
1445,23673
1445,23673
1446,0
1447,12374
1447,24009
1447,24009
1447,24009
1447,29494
1447,19045
1447,12374
1447,12374
1447,19045
1447,19045
1447,29494
1447,29494
1448,12374
1448,24009
1448,24009
1448,24009
1448,29494
1448,19045
1448,12374
1448,12374
1448,19045
1448,19045
1448,29494
1448,29494
1449,22919
1449,22920
1449,22921
1449,22922
1450,22912
1450,22910
1450,22911
1451,22
1451,22913
1451,22
1452,22916
1452,22915
1452,22918
1453,22904
1453,22905
1453,21
1453,22905
1454,22909
1454,22907
1454,22910
1455,10
1456,22901
1457,22902
1457,22903
1457,25960
1458,21949
1458,21949
1458,22767
1459,22768
1460,22773
1460,22770
1460,22771
1461,22773
1461,22900
1461,22900
1461,22896
1462,22897
1462,22898
1462,22898
1462,22896
1463,22525
1463,22525
1464,16903
1465,1062
1466,24009
1466,14989
1466,24009
1466,14989
1466,19046
1466,24009
1466,19046
1466,19046
1466,14989
1467,0
1468,30462
1468,30462
1469,0
1470,0
1471,0
1472,0
1473,23330
1473,23127
1473,23125
1473,23333
1473,23126
1473,23334
1474,23128
1474,23331
1474,23332
1475,0
1476,29492
1477,1675
1478,16638
1478,17478
1478,16637
1478,17480
1478,16635
1478,16636
1478,17479
1478,17477
1478,16639
1479,17456
1479,17481
1480,1675
1481,27305
1482,1675
1483,0
1484,1675
1485,22884
1485,22948
1485,870
1485,30229
1485,22883
1485,22949
1486,22949
1487,22884
1487,22948
1487,870
1487,22883
1487,22949
1488,27327
1488,27327
1489,27327
1489,27327
1490,0
1491,26162
1491,26159
1491,26137
1491,26136
1491,26160
1492,31671
1493,31671
1494,1675
1494,30540
1494,21218
1494,21218
1494,30540
1495,22950
1495,22949
1496,5909
1496,5909
1496,5909
1497,26138
1498,26157
1498,22882
1499,0
1500,23245
1501,0
1502,0
1503,0
1504,22951
1505,5910
1505,5910
1506,0
1507,0
1508,30722
1508,16781
1508,16780
1508,15972
1508,15971
1508,15976
1508,16783
1509,15645
1509,15967
1510,16793
1510,15968
1511,16793
1511,15969
1511,16784
1511,15970
1511,16787
1511,15971
1512,5910
1512,5910
1513,5910
1513,5910
1514,19047
1514,31672
1514,31672
1514,31671
1514,1636
1514,1636
1514,1636
1514,1636
1514,31278
1514,1636
1515,29965
1515,22949
1516,22949
1517,16778
1518,16778
1519,32402
1520,5910
1520,5910
1521,0
1522,22526
1522,22525
1522,22525
1523,22539
1523,25924
1524,22537
1524,25924
1524,22538
1525,0
1526,30427
1526,23033
1526,16
1526,30427
1526,32106
1527,23035
1528,30427
1528,30427
1528,32106
1529,21947
1529,21948
1530,25957
1530,21944
1531,21946
1531,21945
1531,25958
1532,0
1533,29824
1533,29824
1534,27223
1534,27223
1535,27223
1535,27223
1536,0
1537,15977
1537,16748
1538,0
1539,18
1539,19
1540,30391
1540,327
1541,0
1542,0
1543,0
1544,26155
1544,23130
1544,1489
1544,982
1544,26154
1544,880
1544,23129
1545,0
1546,26155
1546,23130
1546,1489
1546,982
1546,26154
1546,23129
1547,982
1547,880
1548,0
1549,0
1550,0
1551,25925
1551,23055
1551,23058
1552,22602
1552,23054
1552,30754
1553,22603
1554,10485
1554,22605
1554,22604
1554,23058
1555,0
1556,0
1557,27384
1557,31973
1557,27315
1557,27314
1557,31972
1558,29491
1558,27374
1558,27373
1559,27375
1559,29509
1559,27376
1559,27323
1559,27322
1560,27321
1560,27377
1560,31975
1560,27318
1561,27380
1561,31974
1561,27316
1561,27383
1562,25930
1562,25931
1562,25929
1562,25931
1563,0
1564,0
1565,0
1566,0
1567,0
1568,20590
1568,20590
1569,27312
1569,27313
1569,27385
1569,27386
1570,0
1571,0
1572,23131
1572,878
1572,23677
1572,23243
1572,23242
1572,23132
1573,25955
1573,25878
1573,14
1573,25926
1573,25877
1573,31098
1573,25954
1574,25927
1574,25953
1574,20590
1574,30392
1574,25954
1574,20590
1575,878
1575,23677
1576,0
1577,0
1578,1649
1578,1649
1578,1649
1578,1649
1578,1649
1578,1649
1579,0
1580,27387
1580,27312
1580,27311
1581,0
1582,0
1583,0
1584,30293
1584,23056
1584,30293
1585,10485
1585,1476
1585,23058
1586,0
1587,0
1588,29612
1588,29612
1589,0
1590,25956
1591,22766
1591,22765
1591,22765
1592,0
1593,0
1594,27389
1594,27387
1594,27311
1594,27388
1595,27312
1596,31762
1597,31762
1597,18304
1598,31762
1599,31762
1600,27391
1600,31933
1601,27391
1601,27390
1601,31933
1601,27390
1602,23679
1602,23240
1602,23678
1602,23680
1602,23241
1603,29823
1603,29823
1603,29823
1604,0
1605,31455
1605,31455
1606,31762
1606,18307
1606,26612
1607,31762
1607,18307
1607,26612
1608,0
1609,246
1609,246
1609,246
1609,246
1609,246
1609,246
1610,29823
1610,29823
1610,29823
1611,30443
1611,30443
1611,26578
1611,30443
1611,26578
1611,26578
1612,16747
1612,16747
1612,16747
1613,0
1614,0
1615,25881
1615,25881
1616,22764
1617,22762
1617,22762
1618,336
1619,336
1620,336
1621,25881
1621,25881
1622,329
1622,25881
1622,25881
1623,26140
1623,878
1623,26140
1623,23134
1623,872
1623,23677
1623,23133
1623,23133
1623,23134
1623,872
1624,873
1624,23145
1624,873
1624,23145
1624,23679
1624,23146
1624,23146
1625,23143
1625,26141
1625,23144
1625,23144
1625,23143
1625,26141
1626,23143
1626,23141
1626,23139
1626,23142
1626,23141
1626,23143
1626,23140
1626,23139
1626,23140
1626,23142
1627,26140
1627,23137
1627,26140
1627,23137
1627,23136
1627,23136
1628,336
1629,0
1630,15539
1630,16938
1630,16956
1630,15540
1630,15538
1630,16746
1630,16957
1631,16724
1631,15555
1631,28446
1631,15553
1631,15551
1631,28447
1631,28395
1632,31030
1632,15550
1632,15549
1632,28448
1632,16725
1632,15547
1633,462
1633,16955
1633,15545
1633,15544
1633,16742
1633,444
1634,16745
1634,15542
1634,15543
1634,15540
1634,16743
1634,16744
1634,17179
1635,16935
1635,15562
1635,15561
1635,16936
1636,15560
1636,16937
1636,460
1636,446
1636,28396
1636,16936
1637,23670
1637,23061
1637,23060
1637,23059
1637,23669
1637,336
1638,23059
1639,23670
1639,23061
1639,23060
1639,23059
1639,23669
1640,15564
1640,16722
1640,16723
1641,15563
1641,15564
1641,16722
1642,23668
1642,23062
1642,25952
1643,31426
1643,27405
1644,31426
1644,27405
1645,23237
1645,23148
1645,23239
1645,23679
1645,23238
1645,879
1645,23147
1646,23151
1646,23235
1646,23234
1646,23236
1646,23149
1646,23150
1646,23152
1646,23153
1647,23232
1647,23231
1647,23153
1647,23155
1647,23233
1647,23154
1648,27392
1648,27562
1648,27391
1648,27563
1648,27394
1648,30751
1648,27395
1648,31933
1649,31430
1649,27560
1649,27395
1649,27559
1649,31429
1649,27398
1649,29511
1650,27556
1650,27402
1650,27400
1650,27558
1650,30662
1650,27555
1650,27401
1650,27557
1651,0
1652,27554
1652,27403
1652,1650
1652,1669
1652,27555
1653,23668
1653,23666
1653,23062
1653,25883
1653,23667
1653,23063
1654,27703
1655,0
1656,29594
1656,29600
1656,27725
1657,27648
1657,27647
1657,31962
1657,27717
1657,27723
1657,27719
1658,27652
1658,27713
1659,29595
1659,27712
1660,0
1661,0
1662,30452
1662,31563
1663,0
1664,27706
1664,27705
1664,27660
1664,1076
1664,1086
1665,27703
1665,27662
1666,27703
1666,27662
1667,27729
1667,27641
1668,27729
1669,26143
1669,26144
1669,23230
1669,23155
1669,874
1670,16721
1670,16720
1670,15566
1670,16719
1670,15567
1670,15565
1671,15570
1671,16717
1671,15569
1671,15571
1671,28444
1671,16718
1672,30759
1672,32275
1672,30759
1672,30759
1672,32275
1673,1097
1673,20621
1673,1097
1673,26145
1673,874
1674,22628
1674,22626
1674,22627
1674,26153
1675,23155
1676,0
1677,23668
1677,25932
1677,23062
1678,23077
1678,23078
1678,23077
1679,23076
1680,23075
1680,30752
1681,23074
1681,25932
1682,0
1683,23664
1683,23065
1683,23064
1683,23665
1684,23067
1684,23661
1685,23066
1685,23662
1686,23071
1686,23071
1686,23071
1687,0
1688,0
1689,0
1690,0
1691,0
1692,330
1692,330
1692,330
1692,330
1692,330
1692,330
1693,23080
1693,23080
1693,23080
1694,0
1695,0
1696,0
1697,0
1698,25933
1698,25933
1698,25933
1699,0
1700,0
1701,31426
1702,0
1703,27419
1703,27547
1704,23659
1705,23068
1705,23660
1706,23070
1706,23070
1707,23068
1707,23660
1708,0
1709,0
1710,0
1711,0
1712,32295
1712,15572
1713,0
1714,16716
1714,32296
1715,18838
1716,18838
1717,0
1718,18838
1719,0
1720,30155
1720,30155
1721,30155
1721,30155
1722,18838
1723,30428
1723,30428
1723,30428
1724,23188
1725,25034
1726,31567
1726,31567
1726,31567
1726,31567
1726,31567
1727,31567
1727,31567
1727,31567
1727,31567
1727,31567
1728,23189
1728,23187
1729,17444
1729,16663
1729,17447
1729,17450
1729,16661
1729,17445
1729,16660
1730,17476
1730,16639
1731,17475
1731,17473
1731,822
1731,17474
1732,17472
1732,822
1733,27465
1733,17469
1733,27534
1733,17470
1734,16649
1734,17467
1734,17468
1734,27533
1734,17466
1735,808
1735,16650
1735,17466
1735,17463
1735,821
1735,17461
1736,17457
1736,17459
1736,17460
1737,17452
1737,17454
1738,16663
1739,16641
1739,16640
1739,16642
1739,16639
1740,16650
1740,16649
1740,16651
1740,16652
1741,27465
1741,16649
1741,16648
1741,16647
1742,27464
1742,31020
1742,16645
1742,16646
1743,807
1744,17444
1744,16663
1745,16659
1745,17447
1745,16661
1745,17445
1745,16660
1746,16656
1746,16655
1746,16657
1747,808
1747,16653
1747,16654
1748,0
1749,0
1750,27700
1750,29596
1751,27699
1751,27666
1752,29598
1752,29597
1753,809
1753,809
1753,809
1753,809
1753,809
1753,809
1754,0
1755,31567
1755,31567
1755,31567
1755,31567
1755,31567
1756,0
1757,0
1758,30429
1758,30155
1758,30155
1758,30431
1758,30430
1758,30429
1758,30431
1758,30430
1758,30429
1758,30430
1759,17443
1760,0
1761,16663
1762,1668
1762,27546
1763,29512
1763,1651
1764,0
1765,27684
1766,0
1767,27466
1767,20846
1767,20846
1767,27466
1768,0
1769,31961
1770,27671
1770,31961
1771,0
1772,0
1773,16814
1773,16814
1774,0
1775,16811
1775,16667
1776,26615
1776,26614
1776,26613
1776,26680
1776,26612
1776,30434
1777,26618
1777,26619
1777,31414
1777,26675
1777,26685
1777,26616
1777,31941
1778,0
1779,26666
1779,30432
1779,1562
1779,26628
1780,29479
1780,29477
1781,31943
1781,26625
1781,26668
1781,26669
1782,1570
1782,31425
1782,31424
1782,30433
1782,31408
1783,26672
1783,31423
1784,21217
1784,31942
1784,26685
1784,31415
1785,27679
1786,0
1787,0
1788,0
1789,16811
1790,30781
1791,0
1792,0
1793,31960
1793,29599
1794,0
1795,0
1796,0
1797,0
1798,0
1799,0
1800,0
1801,0
1802,0
1803,0
1804,0
1805,0
1806,0
1807,30442
1807,30435
1807,26686
1807,31944
1808,0
1809,16670
1809,16671
1809,16809
1809,16807
1809,16811
1809,16673
1810,16676
1810,16804
1810,16675
1810,16806
1810,16674
1810,16803
1810,16805
1810,16673
1811,0
1812,0
1813,31558
1813,27730
1813,27729
1813,1688
1813,31783
1813,29774
1813,29065
1814,0
1815,31963
1815,27613
1816,0
1817,27622
1817,27608
1817,29593
1817,27607
1817,29532
1817,27621
1817,27609
1818,27623
1818,27779
1818,30450
1819,27624
1820,27777
1820,27778
1820,27626
1821,0
1822,27774
1823,27630
1823,27772
1824,27130
1825,27017
1825,30451
1826,27769
1827,0
1828,27638
1828,27764
1829,27123
1829,27029
1829,27124
1829,27028
1829,27030
1829,31557
1829,1607
1829,27122
1829,1687
1830,27028
1830,27126
1830,27026
1831,27128
1831,27023
1831,31341
1832,0
1833,0
1834,0
1835,31597
1835,1568
1836,26660
1836,29480
1837,27425
1837,27540
1838,0
1839,27424
1839,27542
1839,27543
1839,27423
1840,0
1841,0
1842,16710
1842,15598
1842,16712
1842,16713
1842,15600
1843,15594
1843,16714
1844,17102
1844,15597
1844,15596
1844,15595
1844,16953
1844,16713
1844,16952
1844,16951
1845,0
1846,23085
1846,23084
1846,25949
1846,23643
1847,23083
1848,23644
1848,30669
1849,23087
1850,31945
1850,31945
1851,0
1852,27426
1852,27539
1853,27426
1853,27539
1854,23087
1855,0
1856,0
1857,26635
1857,31946
1857,26635
1857,31946
1858,1563
1858,26659
1858,1568
1859,20854
1859,20854
1860,0
1861,26147
1861,23229
1861,23157
1861,23228
1861,877
1861,874
1862,23162
1862,30650
1862,23220
1862,23224
1862,23222
1862,23163
1862,23223
1862,23161
1863,23225
1863,23227
1863,23160
1863,23226
1863,23159
1863,23158
1864,23186
1864,23190
1865,23204
1865,23205
1865,23177
1865,23206
1865,23175
1865,23176
1866,23173
1866,23209
1866,23172
1866,23207
1866,23174
1866,23175
1866,23208
1867,23213
1867,23169
1867,23211
1867,23212
1867,23171
1867,23210
1867,23170
1868,23214
1868,23215
1868,23167
1868,26152
1868,23168
1869,23218
1869,23219
1869,26151
1869,23164
1869,23217
1869,23165
1869,23216
1869,23166
1869,23220
1870,23194
1870,23191
1870,23192
1870,23193
1870,23183
1870,23185
1870,23184
1871,23197
1871,23196
1871,23195
1871,23182
1871,25007
1872,23180
1872,23197
1872,23181
1872,23200
1872,23199
1873,23203
1873,875
1873,23178
1873,876
1873,23202
1873,23179
1873,23201
1874,23087
1874,28653
1875,0
1876,15602
1876,16709
1877,0
1878,0
1879,0
1880,0
1881,16663
1882,0
1883,817
1883,817
1884,0
1885,0
1886,0
1887,0
1888,30776
1889,30780
1890,19544
1890,19544
1891,23089
1891,23090
1891,23591
1891,23590
1892,23089
1893,23589
1893,23092
1894,23589
1894,23092
1895,0
1896,27536
1896,27429
1897,27427
1897,27538
1898,29516
1898,31782
1899,16798
1899,16681
1899,27507
1900,16676
1900,16803
1900,16802
1901,16800
1901,27516
1901,16799
1902,27508
1903,16676
1903,16677
1903,16803
1903,27467
1904,16681
1905,16680
1906,16679
1906,16678
1907,23091
1907,23588
1908,0
1909,23091
1910,0
1911,30436
1911,26658
1912,0
1913,0
1914,0
1915,23586
1915,331
1915,23093
1916,23587
1916,23094
1917,23587
1917,23094
1918,30441
1919,31947
1920,16681
1920,27506
1920,31022
1920,27470
1920,27469
1921,1653
1921,1653
1922,25945
1922,23095
1922,23585
1922,25948
1923,23582
1923,30760
1923,23583
1923,23097
1924,23096
1924,23583
1924,23097
1924,23584
1925,27431
1926,27430
1926,31967
1927,0
1928,0
1929,0
1930,27430
1930,31967
1931,0
1932,27541
1933,0
1934,0
1935,0
1936,0
1937,0
1938,0
1939,0
1940,23581
1941,332
1941,332
1942,0
1943,23581
1943,25946
1944,16797
1944,16796
1944,16683
1945,27505
1946,16682
1946,27471
1947,16683
1948,31413
1948,31948
1949,0
1950,0
1951,26652
1952,0
1953,16795
1953,27472
1953,27502
1953,16685
1954,30456
1954,27434
1954,27435
1955,0
1956,15603
1956,15606
1956,16949
1956,15607
1956,17144
1957,16947
1957,17106
1957,16706
1957,16707
1957,15609
1957,17109
1958,28399
1958,17112
1958,17142
1958,28438
1959,16942
1959,15613
1959,16944
1959,16943
1959,28397
1959,28398
1960,15612
1960,456
1960,17110
1960,16945
1961,16794
1962,16794
1963,31949
1963,26689
1963,26816
1964,0
1965,26691
1966,26691
1967,30779
1967,17140
1967,17139
1967,17141
1968,30779
1968,17141
1969,18584
1969,18584
1969,18585
1970,16704
1971,17114
1972,26691
1972,26814
1972,26813
1972,26692
1973,31130
1973,1589
1973,1600
1973,31130
1974,1589
1974,1600
1975,1589
1975,1600
1975,26695
1975,26810
1976,30779
1976,28430
1976,30778
1976,28432
1976,28402
1976,17141
1977,0
1978,26810
1978,31939
1979,26696
1979,26810
1980,0
1981,0
1982,30777
1982,18583
1982,18583
1982,30777
1983,17115
1984,0
1985,0
1986,26698
1986,26808
1986,31951
1986,26807
1987,0
1988,0
1989,29515
1990,0
1991,0
1992,0
1993,0
1994,0
1995,29529
1996,0
1997,30455
1998,30455
1998,27438
1999,30455
1999,27438
2000,16941
2000,28400
2000,16703
2000,16702
2000,15615
2001,16699
2001,15633
2002,15623
2002,16701
2002,15625
2002,15626
2002,16700
2002,15624
2003,28436
2003,16696
2003,15641
2004,28401
2005,16939
2005,15639
2005,15640
2005,15638
2005,30311
2005,16697
2006,15637
2007,16698
2008,31952
2008,31407
2009,0
2010,31406
2010,31953
2011,0
2012,0
2013,27474
2013,27473
2013,27499
2013,16794
2014,16715
2014,27475
2015,27497
2015,31725
2016,27476
2017,16686
2018,16686
2019,0
2020,0
2021,30440
2021,31409
2022,0
2023,0
2024,27477
2024,27495
2024,27496
2025,27495
2025,16687
2026,16687
2026,16792
2027,16687
2027,16792
2028,32426
2029,32425
2030,0
2031,0
2032,27814
2032,27494
2032,32335
2033,0
2034,0
2035,27453
2035,27451
2035,27512
2036,27450
2036,29514
2036,27514
2037,29517
2037,29513
2037,1665
2037,1654
2037,27519
2038,27522
2038,27442
2038,27519
2038,31968
2038,29526
2038,27445
2039,0
2040,1621
2040,1621
2041,27453
2041,27511
2042,816
2042,30182
2043,816
2044,0
2045,27068
2045,29462
2046,1621
2046,1621
2047,27493
2047,31021
2048,27478
2049,27067
2049,27085
2050,27085
2051,27492
2051,27479
2052,27492
2053,0
2054,32417
2054,32417
2055,32060
2055,32061
2055,1621
2055,1621
2055,1614
2056,0
2057,32060
2058,31929
2058,31928
2059,0
2060,31929
2060,31928
2061,1617
2061,1617
2062,0
2063,30437
2063,31794
2063,30439
2064,0
2065,0
2066,26790
2066,26788
2066,26715
2066,26717
2067,0
2068,26712
2068,26793
2069,26711
2069,31954
2070,0
2071,0
2072,0
2073,0
2074,1599
2074,1599
2075,0
2076,0
2077,31420
2077,31420
2078,31421
2078,31421
2079,0
2080,0
2081,27459
2081,31971
2081,31970
2081,31427
2082,29449
2083,27503
2083,29450
2083,31428
2083,29449
2083,29463
2083,31969
2084,0
2085,0
2086,0
2087,32461
2087,32461
2088,0
2089,0
2090,0
2091,0
2092,0
2093,0
2094,0
2095,0
2096,0
2097,26786
2097,30438
2098,0
2099,0
2100,0
2101,0
2102,0
2103,0
2104,0
2105,0
2106,0
2107,0
2108,0
2109,0
2110,0
2111,0
2112,0
2113,27480
2113,16688
2113,16791
2113,27492
2114,27491
2114,16689
2115,0
2116,0
2117,26783
2117,26724
2118,0
2119,0
2120,0
2121,0
2122,0
2123,0
2124,1594
2124,1594
2125,1591
2125,30233
2125,1598
2126,31418
2126,31955
2127,0
2128,26778
2128,26729
2128,26731
2128,31417
2129,26732
2129,26775
2130,26754
2131,30234
2131,31419
2131,31416
2131,31958
2131,26736
2131,30235
2132,30245
2132,30244
2132,30241
2132,26748
2132,30246
2133,30248
2133,30249
2133,30247
2133,31956
2133,30240
2133,30246
2134,30251
2134,30239
2134,30238
2134,30250
2135,30236
2135,30253
2135,30254
2135,30252
2135,30235
2135,30237
2135,31957
2136,1593
2136,1593
2137,1593
2137,1593
2138,1593
2138,30243
2138,1593
2139,30242
2140,16789
2141,16790
2142,16690
2143,16691
2144,0
2145,0
2146,0
2147,0
2148,16692
2148,32070
2148,16788
2149,27489
2150,0
2151,27490
2151,16786
2152,27481
2152,27482
2153,0
2154,16693
2155,16785
2155,16694
2156,0
2157,27487
2157,31726
2158,27488
2159,0
2160,27487
2160,31726
2160,27483
2161,27487
2161,31726
2162,27487
2162,31726
2163,16695
2164,16695
2165,16775
2165,27484
2165,30183
2165,16750
2165,16777
2166,16757
2166,16758
2166,16769
2166,16770
2166,16759
2166,16768
2167,16755
2167,16772
2167,16754
2167,16773
2168,0
2169,16764
2170,32223
2170,16765
2170,27486
2170,27485
2170,16762
2171,32038
2171,16767
2171,16760
2171,16761
2172,814
2172,814
2173,0
